{
  "train_accuracy": 0.9866666666666667,
  "validation_accuracy": 0.8614285714285714,
  "train_precision": 1.0,
  "train_recall": 0.9333333333333333,
  "train_f1": 0.9655172413793104,
  "validation_precision": 0.864406779661017,
  "validation_recall": 0.36428571428571427,
  "validation_f1": 0.5125628140703518,
  "train_samples": 300,
  "validation_samples": 700,
  "positive_samples_train": 60,
  "negative_samples_train": 240,
  "positive_samples_validation": 140,
  "negative_samples_validation": 560
}